{
  "total_governors": 91,
  "total_responses": 4453,
  "average_responses_per_governor": 48.934065934065934,
  "average_authenticity_score": 0.9581350078492935,
  "total_topics_indexed": 4706,
  "total_traditions_mapped": 11,
  "extraction_timestamp": "2025-07-18T18:13:30.134993"
}